{"train/ep_loss": 0.7891669003292918, "train/epoch": 49, "_timestamp": 1684674012.992006, "_runtime": 1627.074012041092, "_step": 54, "test/ddpm_generation": {"_type": "image-file", "sha256": "d3025f532cb1056009a04334a00e25fa6b37502827d294636cbe0f1671537cb1", "size": 361090, "path": "media/images/test/ddpm_generation_45_d3025f532cb1056009a0.png", "format": "png", "width": 640, "height": 256}, "test/epoch": 40, "_wandb": {"runtime": 1626}}