{"train/ep_loss": 3.3645299170166254, "train/epoch": 3, "_timestamp": 1684671996.5466287, "_runtime": 98.15519666671753, "_step": 3, "_wandb": {"runtime": 102}}