{"train/ep_loss": 2.3199230451136827, "train/epoch": 5, "_timestamp": 1684672265.35411, "_runtime": 199.34230089187622, "_step": 6, "test/ddpm_generation": {"_type": "image-file", "sha256": "4a0f33f64318a22e4c41442e955b6c025736175a03d345f2ff6f597fa6f10b98", "size": 62650, "path": "media/images/test/ddpm_generation_1_4a0f33f64318a22e4c41.png", "format": "png", "width": 640, "height": 128}, "test/epoch": 0, "_wandb": {"runtime": 202}}